Reference, Quantity, Value, Footprint, Datasheet, Component name, DK_Datasheet_Link, DK_Detail_Page, Category, Description, Digi-Key_PN, Family, MPN, Manufacturer, Status, MANUFACTURER, MAXIMUM_PACKAGE_HEIGHT, PARTREV, STANDARD
C102 ,1,"10nF","Capacitor_SMD:C_0603_1608Metric_Pad1.08x0.95mm_HandSolder","~","CL10B103KB8NNNC","https://media.digikey.com/pdf/Data%20Sheets/Samsung%20PDFs/CL10B103KB8NNNC_Spec.pdf","https://www.digikey.no/product-detail/en/samsung-electro-mechanics/CL10B103KB8NNNC/1276-1009-1-ND/3889095","","","","","","","","","","",""
C103 C104 C111 C205 C206 C214 ,6,"10uF","Capacitor_SMD:C_0603_1608Metric_Pad1.08x0.95mm_HandSolder","~","CL10A106KQ8NNNC","https://www.digikey.no/product-detail/en/samsung-electro-mechanics/CL10A106KQ8NNNC/1276-1038-1-ND/3889124","https://www.digikey.no/product-detail/en/samsung-electro-mechanics/CL10A106KQ8NNNC/1276-1038-1-ND/3889124","","","","","","","","","","",""
C106 C107 C210 C211 ,4,"1uF","Capacitor_SMD:C_0603_1608Metric_Pad1.08x0.95mm_HandSolder","www.samsungsem.com/kr/support/product-search/mlcc/CL21B105KOFNNNE.jsp","CL21B105KOFNNNE","https://www.digikey.no/product-detail/en/samsung-electro-mechanics/CL21B105KOFNNNE/1276-1026-1-ND/3889112","https://www.digikey.no/product-detail/en/samsung-electro-mechanics/CL21B105KOFNNNE/1276-1026-1-ND/3889112","","","","","","","","","","",""
C101 C105 C108 C109 C110 C207 C208 C209 C212 C213 C215 C301 C601 ,13,"0.1uF","Capacitor_SMD:C_0603_1608Metric_Pad1.08x0.95mm_HandSolder","~","CL10B104KA8NNNC","https://www.digikey.no/product-detail/en/samsung-electro-mechanics/CL10B104KA8NNNC/1276-1006-1-ND/3889092","https://www.digikey.no/product-detail/en/samsung-electro-mechanics/CL10B104KA8NNNC/1276-1006-1-ND/3889092","","","","","","","","","","",""
C201 C202 C306 ,3,"100uF","Capacitor_SMD:C_1210_3225Metric_Pad1.33x2.70mm_HandSolder","~","CL32A107MPVNNNE","","https://www.digikey.no/product-detail/en/samsung-electro-mechanics/CL32A107MPVNNNE/1276-3364-1-ND/3891450","","","","","","","","","","",""
C203 C204 C216 C217 C218 C219 ,6,"22uF","Capacitor_SMD:C_0603_1608Metric_Pad1.08x0.95mm_HandSolder","https://media.digikey.com/pdf/Data%20Sheets/Samsung%20PDFs/CL10A226MQ8NRNC_Spec.pdf","CL10A226MQ8NRNC","","https://www.digikey.no/product-detail/en/samsung-electro-mechanics/CL10A226MQ8NRNC/1276-1193-2-ND/3886851","","","","","","","","","","",""
C303 ,1,"330uF","T520V337M2R5ATE025-footprint:T520V337M2R5ATE025","","","","https://www.digikey.no/product-detail/en/kemet/T520V337M2R5ATE025/399-4105-1-ND/819430","","","","","","","","","","",""
C302 C315 C401 C602 ,4,"47uF","Capacitor_SMD:C_1210_3225Metric_Pad1.33x2.70mm_HandSolder","https://www.farnell.com/datasheets/2047839.pdf","GRM32ER71A476ME15L","","https://www.digikey.no/product-detail/no/murata-electronics/GRM32ER71A476ME15L/490-6543-1-ND/3845740","","","","","","","","","","",""
C304 C305 C307 C309 C310 C312 C317 C319 C402 C403 C603 C604 ,12,"4.7uF","Capacitor_SMD:C_0805_2012Metric_Pad1.18x1.45mm_HandSolder","","C2012X7R1A475K125AC","","https://www.digikey.no/product-detail/no/tdk-corporation/C2012X7R1A475K125AC/445-7591-1-ND/2733663","","","","","","","","","","",""
C308 C311 C313 C314 C316 C318 C320 C321 C322 C323 C324 C325 C326 C404 C405 C406 C407 C605 C606 C607 C608 ,21,"470nF","Capacitor_SMD:C_0603_1608Metric_Pad1.08x0.95mm_HandSolder","https://www.farnell.com/datasheets/2048812.pdf","GRM188R71C474KA88D","","https://www.digikey.no/product-detail/en/murata-electronics/GRM188R71C474KA88D/490-3295-1-ND/702836","","","","","","","","","","",""
C501 ,1,"1nF/250V","cap_8853522100131:8853522100131","~","8853522100131","","https://www.digikey.no/product-detail/en/w%C3%BCrth-elektronik/8853522100131/732-8853522100131CT-ND/6140854","","","","","","","","","","",""
D101 D102 D103 D104 ,4,"LED","LED_SMD:LED_2816_7142Metric_Pad3.20x4.45mm_HandSolder","~"
D201 D202 D301 D501 D502 D503 D504 ,7,"LED","Diode_SMD:D_0805_2012Metric_Pad1.15x1.40mm_HandSolder","~"
FB201 ,1,"Ferrite_Bead","Resistor_SMD:R_0201_0603Metric_Pad0.64x0.40mm_HandSolder","~","BK0603HS330-T","","https://www.digikey.no/en/products/detail/taiyo-yuden/BK0603HS330-T/957708","","See fig 2.5 https://www.ftdichip.com/Documents/AppNotes/AN_146_USB_Hardware_Design_Guidelines_for_FTDI_ICs.pdf","","","","","","","","",""
J101 ,1,"ARM 20 Pin Debug Header","Connector_PinHeader_2.54mm:PinHeader_2x10_P2.54mm_Vertical","~"
J102 ,1,"MCU USART1 Header","Connector_PinHeader_2.54mm:PinHeader_2x06_P2.54mm_Vertical","~"
J103 ,1,"DM1AA-SF-PEJ(21)","HRS_DM1AA-SF-PEJ(21)","https://www.hirose.com/product/document?clcode=CL0609-0004-8-72&productname=DM1AA-SF-PEJ(72)&series=DM1&documenttype=Catalog&lang=en&documentid=D31696_en","","","","","","","","","","","HRS","","",""
J104 ,1,"MCU GPIO Header","Connector_PinSocket_2.54mm:PinSocket_1x07_P2.54mm_Vertical","~"
J301 ,1,"FPGA__debug","Connector_PinHeader_2.54mm:PinHeader_2x07_P2.54mm_Vertical","~"
J501 ,1,"618015330923","VGA_618015330923-footprint:618015330923"," ~"
J502 ,1,"Conn_02x08_Odd_Even","Connector_PinHeader_2.54mm:PinHeader_2x08_P2.54mm_Vertical","~"
L202 ,1,"2.2uH","Inductor_SMD:L_1008_2520Metric_Pad1.43x2.20mm_HandSolder","~","LQM2HPN2R2MG0L","","https://www.digikey.no/product-detail/en/murata-electronics/LQM2HPN2R2MG0L/490-5114-1-ND/1893677","","","","","","","","","","",""
L201 L203 ,2,"1.5uH","Inductor_SMD:L_1008_2520Metric_Pad1.43x2.20mm_HandSolder","~","TFM252012ALMA1R5MTAA","","https://www.digikey.no/product-detail/en/tdk-corporation/TFM252012ALMA1R5MTAA/445-175184-6-ND/7795261","","","","","","","","","","",""
P201 ,1,"690-005-299-043","digikey-footprints:USB_Mini_B_Female_690-005-299-043","http://files.edac.net/690-005-299-043.pdf","","http://files.edac.net/690-005-299-043.pdf","/product-detail/en/edac-inc/690-005-299-043/151-1206-1-ND/4312192","Connectors, Interconnects","CONN RCPT USB2.0 MINI B SMD R/A","151-1206-1-ND","USB, DVI, HDMI Connectors","690-005-299-043","EDAC Inc.","Active","","","",""
R101 R102 R103 R104 R201 R202 ,6,"330","Resistor_SMD:R_2512_6332Metric_Pad1.40x3.35mm_HandSolder","https://www.seielect.com/catalog/sei-rhc.pdf","RHC2512FT330R","","https://www.digikey.no/product-detail/no/stackpole-electronics-inc/RHC2512FT330R/RHC2512FT330RCT-ND/1646222","","","","","","","","","","",""
R105 R106 ,2,"15","Resistor_SMD:R_2512_6332Metric_Pad1.40x3.35mm_HandSolder","https://www.te.com/commerce/DocumentDelivery/DDEController?Action=srchrtrv&DocNm=9-1773463-7&DocType=DS&DocLang=English","","","","352215RFT","","","","","","","","","",""
R107 R108 R109 R110 R111 R308 R518 R519 ,8,"100","Resistor_SMD:R_0805_2012Metric_Pad1.20x1.40mm_HandSolder","https://www.vishay.com/docs/28705/mcx0x0xpro.pdf","","","https://www.digikey.no/product-detail/no/vishay-beyschlag-draloric-bc-components/MCU08050C1000FP500/MCU0805-100-CFCT-ND/2607922","MCU08050C1000FP500","","","","","","","","","",""
R112 R113 R114 R115 R205 ,5,"100K","Resistor_SMD:R_0805_2012Metric_Pad1.20x1.40mm_HandSolder","https://www.susumu.co.jp/common/pdf/n_catalog_partition05_en.pdf","RR1220P-104-D","","https://www.digikey.no/product-detail/no/susumu/RR1220P-104-D/RR12P100KDCT-ND/432878","","","","","","","","","","",""
R203 ,1,"30.1K","Resistor_SMD:R_0805_2012Metric_Pad1.20x1.40mm_HandSolder","https://www.susumu.co.jp/common/pdf/n_catalog_partition01_en.pdf","RG2012P-3012-B-T5","","https://www.digikey.no/product-detail/no/susumu/RG2012P-3012-B-T5/RG20P30-1KBCT-ND/1241123","","","","","","","","","","",""
R206 ,1,"6.81K","Resistor_SMD:R_0603_1608Metric_Pad0.98x0.95mm_HandSolder","https://media.digikey.com/pdf/Data%20Sheets/Susumu%20PDFs/RG_RM_RGH_Oct2012.pdf","RG1608P-6811-B-T5","","https://www.digikey.no/product-detail/no/susumu/RG1608P-6811-B-T5/RG16P6-81KBCT-ND/1241005","","","","","","","","","","",""
R208 ,1,"73.2K","Resistor_SMD:R_0805_2012Metric_Pad1.20x1.40mm_HandSolder","https://industrial.panasonic.com/cdbs/www-data/pdf/RDM0000/AOA0000C307.pdf","ERA-6AEB7322V","","https://www.digikey.no/product-detail/no/panasonic-electronic-components/ERA-6AEB7322V/P73-2KDACT-ND/3075242","","","","","","","","","","",""
R204 R207 R209 ,3,"22.1K","Resistor_SMD:R_0805_2012Metric_Pad1.20x1.40mm_HandSolder","https://www.susumu.co.jp/common/pdf/n_catalog_partition05_en.pdf","RR1220P-2212-D-M","","https://www.digikey.no/product-detail/no/susumu/RR1220P-2212-D-M/RR12P22-1KDCT-ND/433125","","","","","","","","","","",""
R301 ,1,"2.4k","Resistor_SMD:R_0805_2012Metric_Pad1.20x1.40mm_HandSolder","https://industrial.panasonic.com/cdbs/www-data/pdf/RDM0000/AOA0000C307.pdf","ERA-6AED242V","","https://www.digikey.no/product-detail/no/panasonic-electronic-components/ERA-6AED242V/P123827CT-ND/9467756","","","","","","","","","","",""
R303 R306 ,2,"10k","Resistor_SMD:R_0805_2012Metric_Pad1.20x1.40mm_HandSolder","~","RNCP0805FTD10K0","","https://www.digikey.no/product-detail/en/stackpole-electronics-inc/RNCP0805FTD10K0/RNCP0805FTD10K0CT-ND/2240601","","","","","","","","","","",""
R302 R304 R305 R309 ,4,"4.7k","Resistor_SMD:R_0603_1608Metric_Pad0.98x0.95mm_HandSolder","https://media.digikey.com/pdf/Data%20Sheets/Susumu%20PDFs/RG_RM_RGH_Oct2012.pdf","RG1608P-472-B-T5","","https://www.digikey.no/product-detail/no/susumu/RG1608P-472-B-T5/RG16P4-7KBCT-ND/1240978","","","","","","","","","","",""
R307 R520 R521 R522 R523 R524 R525 R526 R527 R528 R529 R530 R531 R532 R533 ,15,"200","Resistor_SMD:R_2512_6332Metric_Pad1.40x3.35mm_HandSolder","https://www.te.com/commerce/DocumentDelivery/DDEController?Action=srchrtrv&DocNm=9-1773463-5&DocType=DS&DocLang=English","3521200RFT","","https://www.digikey.no/product-detail/en/te-connectivity-passive-product/3521200RFT/A116015CT-ND/4280056","","","","","","","","","","",""
R501 R503 R505 ,3,"4k","Resistor_SMD:R_1206_3216Metric_Pad1.30x1.75mm_HandSolder","https://www.koaglobal.com/-/media/Files/KOA_Global/EN/product/commonpdf/rn73r.pdf","RN73R2BTTD4001B25","","https://no.farnell.com/koa-speer-electronics/rn73r2bttd4001b25/res-4k-0-1-0-25w-1206/dp/3545406?st=rn73r2bttd4001b25","","","","","","","","","","",""
R502 R504 R506 ,3,"1k","Resistor_SMD:R_0805_2012Metric_Pad1.20x1.40mm_HandSolder","https://www.susumu.co.jp/common/pdf/n_catalog_partition05_en.pdf","RR0510P-102-D","","https://www.digikey.no/product-detail/en/susumu/RR1220P-102-D/RR12P1-0KDCT-ND/432830","","","","","","","","","","",""
R507 R508 R509 R510 ,4,"330","Resistor_SMD:R_0805_2012Metric_Pad1.20x1.40mm_HandSolder","https://www.koaspeer.com/pdfs/RK73H.pdf","RK73H2ATTD3300F","","https://www.digikey.no/product-detail/no/koa-speer-electronics-inc/RK73H2ATTD3300F/2019-RK73H2ATTD3300FCT-ND/10235463","","","","","","","","","","",""
R511 R513 R515 ,3,"2k","Resistor_SMD:R_1206_3216Metric_Pad1.30x1.75mm_HandSolder","https://www.yageo.com/upload/media/product/productsearch/datasheet/rchip/PYu-RC_Group_51_RoHS_L_11.pdf","RC1206FR-072KL","","https://www.digikey.no/product-detail/no/yageo/RC1206FR-072KL/311-2-00KFRCT-ND/731559","","","","","","","","","","",""
R512 R514 R516 ,3,"510","Resistor_SMD:R_0805_2012Metric_Pad1.20x1.40mm_HandSolder","","ERA-6AED511V","","https://www.digikey.no/product-detail/en/panasonic-electronic-components/ERA-6AED511V/P123855CT-ND/9467784","","","","","","","","","","",""
R517 ,1,"1M","Resistor_SMD:R_0805_2012Metric_Pad1.20x1.40mm_HandSolder","https://industrial.panasonic.com/cdbs/www-data/pdf/RDM0000/AOA0000C307.pdf","ERA-6AEB105V","","https://www.digikey.no/product-detail/no/panasonic-electronic-components/ERA-6AEB105V/P1MDACT-ND/1466019","","","","","","","","","","",""
S101 S102 S103 S104 ,4,"GPTS203211B","digikey-footprints:PushButton_12x12mm_THT_GPTS203211B","http://switches-connectors-custom.cwind.com/Asset/GPTS203211BR2.pdf","","http://switches-connectors-custom.cwind.com/Asset/GPTS203211BR2.pdf","/product-detail/en/cw-industries/GPTS203211B/CW181-ND/3190590","Switches","SWITCH PUSHBUTTON SPST 1A 30V","CW181-ND","Pushbutton Switches","GPTS203211B","CW Industries","Active","","","",""
TP201 TP202 TP203 TP204 TP205 ,5,"TestPoint_Probe","","~"
U101 ,1,"EFM32GG12B810F1024GQ64","efm32gg-footprint:EFM32GG12B810F1024GQ64","${KIPRJMOD}/docs/datasheets/efm32gg12-datasheet.pdf"
U102 U103 ,2,"COM-09032 Joystick","com09032-joystick:XDCR_COM-09032","","","","","","","","","","","","SparkFun Electronics","30.1mm","N/A","Manufacturer Recommendations"
U201 ,1,"PHDMI2AB4","tdt4295:DFN2510A-10","https://www.google.com/url?sa=t&rct=j&q=&esrc=s&source=web&cd=&ved=2ahUKEwjq-uC3upjzAhUSmYsKHV0iBjEQFnoECAQQAQ&url=https%3A%2F%2Fassets.nexperia.com%2Fdocuments%2Fdata-sheet%2FPHDMI2AB4.pdf&usg=AOvVaw2t6nU9jF_TXAIowSn_9t4X"
U202 U203 ,2,"TPS54294","tdt4295:TPS54294PWP","${KIPRJMOD}/docs/datasheets/tps54294.pdf"
U301 ,1,"S25FL127SABMFV101","S25FL127SABMFV101-footprint:S25FL127SABMFV101","https://www.cypress.com/file/177961/download"
U302 ,1,"NUP4114UCW1T2G","SOIC_W1T2G_ONS",""
U303 ,1,"XC7A100T-FTG256-tdt4295","Package_BGA:Xilinx_FTG256",""
U501 U502 U503 U504 ,4,"NUP4114UCW1T2G","NUP4114UCW1T2G-footprint:NUP4114UCW1T2G","https://www.onsemi.com/pdf/datasheet/nup4114-d.pdf"
U601 ,1,"DSC1001AL5-100.0000","DSC1001AL5-100.0000:DSC1001AL5-100.0000","https://rocelec.widen.net/view/pdf/4jp9qpy8qv/MCHP-S-A0003587227-1.pdf?t.download=true&u=5oefqw"
Y101 ,1,"48MHz","Crystal:Crystal_SMD_2016-4Pin_2.0x1.6mm","https://www.farnell.com/datasheets/1883673.pdf"